상품명,가격,url
해외마이프로틴 임팩트웨이 프로틴 초콜렛 브라우니 5kg,"124,900원",https://cr.shopping.naver.com/adcr?x=8XMitWG24ta8PmSW6v%2FADv%2F%2F%2Fw%3D%3DsWvkLvotrGwo2BRo2OGctKfM%2BVpWo%2BkcnN2XxqEgnSKF4bZj2dQ3rmazwmcKN1UmeepkMVUaBsg7qL3pB6qsTAi94RAx3Q6O7BlepXakvzp90PJDoXnlUDdM%2BGAZGLMZFciqgNJzib0kRMLl831%2Fsu00Eyi6%2FBxZgE9ywl9FKxjX0DOw13UwoJJRb7qwccAQMy7WsjvL6fGBruqRzbSMBoQdLXoybizBOVFY0bnGAXBs8h7GJg9ACGFeJkpH2hc6KuxiGhALMi1nuw2hlTSwgB4869AKj4l5Wk1zrUHMAUq%2FDpmNu2Rs3tEPrV0ZTODsbWqyaFa2xLbpwGCJChqMDqsHJpHSC5zxPkXEgzKpWWSWv70PQCiP2uhuF%2F7P5ZdRahKnIhKdTNkfcGmWkGNijFgwddRo8ZBR75t%2BscpQNfw5KI194O3yVGRkTAKu5NZTn6bHjlVhobs4DMEgQ4%2FGZavj9%2FfdNjBBKnmL1y4i7eDO40jft1Q63lMuMka91ve1F3jypA3MypamK8oyPy%2FhFw9m0FRWdaYde0C3bcO%2FDBlNfj4MzUXO9GTkSFJ3z719N8Wv9Sd%2F61xA2yjBWsT8nvkyBExyzcrNqNI4JsakVCai1XwC8H2uxZpsUiGN7anD3upJ%2F2AAQLGJJU7VJlYJqN5UHrost2l2dN2Mhfch4yRpB0CIl3BeKsFF2drF%2B%2BsFv&nvMid=82547833609&catId=50012280
해외마이프로틴 임팩트웨이 프로틴 내추럴초콜릿 5kg,"123,900원",https://cr.shopping.naver.com/adcr?x=v6oAXIb8jyw8xayRh%2BoTLf%2F%2F%2Fw%3D%3DsiwT2g8CQUyAf2u74Bu%2BxwEygJVuJ3jwamNQ%2F%2FsBGm4WcR5eddG7zYREBn9Q4P6JhTKW60ebYKNcId22GGko%2BWxTK00AtLFBS7e%2Frv023PxQeHZ5T6o%2FKOxB%2BF2EdwDbSKQeKTyriuAC7MT2meB1uQhhLdroa%2FXQ%2BzKc62t21nilnbogxW9JSKJ9dFxlIeDJcrFRN%2BLM1yJAr78kyjmQeuVavFoQZioHQNBzgV6NBWA4Is688n3AEKDNCwJNyf1YWpMaQkqZzQZ2qinnOEIl4BzForf4nGUgPwiv53t%2BtlmqAbCY81f975eS5nfR25FBiP83WAv8GAIoQ0MwLPWeb%2FUgzz3wchknkjztAuxwym7kLy6TkRLyXxhaxzWXNSOnuUcCCbQRcP%2FtPULu7jvSwtQlQDJowwgQcIV17d94og1REVp0igryvMeq7nwyxkakny%2BHcVe0C01DoRuLYlc2WVVLJ%2B09lOUod%2BTwuORudRCD2Gw7qfcVzjz0G8Eef9Baukr%2B%2BxSGRhriqDqi%2BMIOFyiEIc1Tg7QrLbZMD814kOnOm5d4LYNIW2UxyJEHKEJx3o64FkP9CQbIx7neKc6OctdjtChJ5NmhEovpnhvT%2BbEvQNw8zLVtE166wHKR%2FaW7WDaMgK3R0XGvMc6ky0NmGQOR79U%2F6Az3gE9mQ%2Flgn57E%3D&nvMid=85511575864&catId=50012280
해외마이프로틴 임팩트웨이 아이솔레이트 WPI 스트로베리 크림 2.5kg,"114,900원",https://cr.shopping.naver.com/adcr?x=F9v3pCTzfaRXb6vVsI9J8P%2F%2F%2Fw%3D%3DsqTymfQ%2Bd4oXmYFIAAk1TCbN8SgzC9i%2Bx8hATbzHQYZ2cR5eddG7zYREBn9Q4P6Jh6NXVtiel5jxMjYZtS%2F35XG94TxhQnqR0GKfYI33OVfgeHZ5T6o%2FKOxB%2BF2EdwDbSKQeKTyriuAC7MT2meB1uQhhLdroa%2FXQ%2BzKc62t21nilnbogxW9JSKJ9dFxlIeDJcrFRN%2BLM1yJAr78kyjmQeuVavFoQZioHQNBzgV6NBWA4VdA64R1UY2FYT4mU8Y8VCgjMJXgHzDYQ%2BOKwS7czB3zForf4nGUgPwiv53t%2BtlmqAbCY81f975eS5nfR25FBiP83WAv8GAIoQ0MwLPWeb%2FbXY2Fv6K%2FJJD6n%2FJWkhFCtB2EqcR0TwWbJ%2BtpowiCZ8UcCCbQRcP%2FtPULu7jvSwtUdYg20e3HOlLamIR3SHZghEVp0igryvMeq7nwyxkakny%2BHcVe0C01DoRuLYlc2WVb7G3evCBRJWiEfFdH5M9GX4F%2BWKV4YlFeDMspfx8z0r465EhPa2AwJxFDfZ3zlkK9dycTOgBSAFejbgGjx6nnBLKTGa6yt%2FfIaf%2BQ2eF9B3NNwhlLo3AnNFpljkdHyoZ06unyLEehCUUOFWA2jNQ63nDqhuUOgQxcovuV%2FVdis6lwH42H3TL09gYCgrNchGwRpos7Mw5AKmGFiW8St4jTQDfkLIyuldBS3f8m8e6nLmzUhNzs2VE%2B%2Bisqs3JAEppg%3D%3D&nvMid=82553948719&catId=50012280
해외마이프로틴 임팩트 웨이 프로틴 단백질 보충제 1kg 네츄럴초코,"43,900원",https://cr.shopping.naver.com/adcr?x=ommcwKtGu7tFAr7aIFaPhP%2F%2F%2Fw%3D%3Dsq%2Bjan2HjsHo%2BzP5Xap2aXtWtJwCUiV4MwfG6vYCAw4x6fYrIe3Rz36BqO4XkbRqEpgwLREtqyt3DP0rgWLg7XrdUkJtLZ%2BMlGkaH6PvnImiTb27P8%2FmFSSl2ByllYDtDxWBRLxDQn5PlGS%2FIWVOMu%2BBCpwGj3T9ixGyGrkqCg%2FbjTUER3FHkYtWzYPYLJk09pppMQX1T8dJEU%2Fc7xb69pUuG%2FicFY3q9hGdjro9%2BnxSnngN62WjAR9oWpoNkwzQCjsOXEP%2FL%2BdSHM7KQVMucbdkrx1vgkXWRvhzw6xqomSBD4P%2Bj2CVvS6QkrpszyaIoCuwrUM2Vi5bq9fxYHuPhKVsyiIaxewxThRpttX1CXSIHiiFOD7ImXBGWAI5UUV5o0PXurd6BwFrLIufN4yO47TTGgH6Tmg2Fn7Z3ZaWZFzEAmQv0ckEelDxHQlpiaS3aOSbdorLuS8MV%2FCEOKhq6%2FvgleYOMt%2F1HRORV%2Fx9s%2F7G%2Fe4%2Fx1MXmbLp9CD%2F0G7%2FOwVjvnDjYq%2FUqnyxN7D%2Bl9cxDFrou3EBWhkX9w1e9D4QJIpcigXAp5YeMd1cMlo5sxKKECTmW3RvTqJpQpqMLn2G%2FuOwGX%2FEIrRI%2Br4Wf6phMgRMcs3KzajSOCbGpFQmo2po5Ect1qW3YhCKFINmAUhYSQ577TbO28BQtmf2GQcl82m%2Bg9KTXkGe5Zx3KIaN%2FQdAiJdwXirBRdnaxfvrBbw%3D%3D&nvMid=82673954336&catId=50012280
해외마이프로틴 WPI 임팩트웨이 아이솔레이트 초콜렛 스무스 2.5kg,"108,400원",https://cr.shopping.naver.com/adcr?x=EGPOEX2yjHHASMkvCN9Tf%2F%2F%2F%2Fw%3D%3Ds1ZR6j1frvwVAY8VSiZ%2BBlxQaSAO9cXlztPP4kuH1Q9J4bZj2dQ3rmazwmcKN1Umettf9TL0olwuTj1CHc6ZtjawT2XEnwmSFWq06xslVFGt0PJDoXnlUDdM%2BGAZGLMZFciqgNJzib0kRMLl831%2Fsu00Eyi6%2FBxZgE9ywl9FKxjX0DOw13UwoJJRb7qwccAQMy7WsjvL6fGBruqRzbSMBoQdLXoybizBOVFY0bnGAXBsaUO%2FWtYKY2IeEna63nWu4KwbMUiVBOzzaoxalRyFqfY869AKj4l5Wk1zrUHMAUq%2FDpmNu2Rs3tEPrV0ZTODsbWqyaFa2xLbpwGCJChqMDqqJQ8c4x6H4RyL%2BwylhI524O6IVg%2Bga4aBuEcBHWQmKnhKnIhKdTNkfcGmWkGNijFopd4lkFQMTrc23C26nCnmk%2BhVEYoTr1TSuvmq6LxRF26bHjlVhobs4DMEgQ4%2FGZakJZ43xNwf4gLQOuTxR4FGO3Qp5fLXASoqW7w%2FYB9fNgtOL7%2F4rJqYa0rM4Sg1OshAlLnxuMZwbbMeO9Ti5tjdNLKTGa6yt%2FfIaf%2BQ2eF9B3%2Bs3tZQbZcrwTQZtryU97K2fkDG8gZ07oPP6sohYgUOATyyUiXaaG7Jwh70QaepPCtNMIIHYY%2BAvaotfHIHYU8vLduSTheqKvOZPdHTocEwYDfkLIyuldBS3f8m8e6nLmzUhNzs2VE%2B%2Bisqs3JAEppg%3D%3D&nvMid=84003621253&catId=50012280
해외마이프로틴 임팩트웨이 아이솔레이트 WPI 초콜렛 피넛버터 5kg 분리유청 단백질,"178,400원",https://cr.shopping.naver.com/adcr?x=F59dT0%2F0%2Bq2sm4KnA3bxzf%2F%2F%2Fw%3D%3DsYuBTa%2Fs3anUy8is2lK7jSYuLNicLs5ctUQTLVb%2FynMJ6fYrIe3Rz36BqO4XkbRqESmpadfPRuFR5k9%2FeQxdz39UfgChUtXH1IOmlyrsfrjqTb27P8%2FmFSSl2ByllYDtDxWBRLxDQn5PlGS%2FIWVOMu%2BBCpwGj3T9ixGyGrkqCg%2FbjTUER3FHkYtWzYPYLJk09pppMQX1T8dJEU%2Fc7xb69pUuG%2FicFY3q9hGdjro9%2BnxTXgulioGQqOT%2BjJ%2F0H9ehfWm5ZWttg5Pft2wB9knSC2tkrx1vgkXWRvhzw6xqomSBD4P%2Bj2CVvS6QkrpszyaIoCuwrUM2Vi5bq9fxYHuPhKewkNGJnFW%2BoSlRkZQdjmKkWq%2FF%2F0pewgsjgj23KTI7G0PXurd6BwFrLIufN4yO47Xm7bAYaAvFjJVmNkmKLjASAB3ler5KtpjcG8a%2BhIE6qOSbdorLuS8MV%2FCEOKhq6%2Ft%2FEIYp3X9KwxC9BBhNn4sFtCizqlW%2FfPwEEcrT4CoRuWvzTZm1Ej1a6l2cMklth5DJpju2CgoiwO6DqV9sdOvS0Kal%2F27KY2KIN5Az2%2FyOLMTWSC%2BxZbx8Je4Lb2VqjMXIGYaAg47KOOP1rQp9T0coNQLMBkv%2BUk7pGiNDsSnY%2B05%2FiL3MWsFcTbnjz%2FZLXrYvXf%2BUiRI5rJoWKeQEJiug7nKdvZcInR3RXlc7nY3cjURKb7Y%2BDKjY3jScHO5Ljw82OqH9l6YII5ugOGfB4CYY%3D&nvMid=84003227492&catId=50012280
해외마이프로틴 임팩트웨이 프로틴 단백질보충제 5kg 유청단백질 WPC 쉐이크 스트로베리 크림,"115,500원",https://cr.shopping.naver.com/adcr?x=cqGTKVdwVdXOmbfx2%2Fjk3%2F%2F%2F%2Fw%3D%3Dsuvr6RRDiBwRCjD3XUKdCk%2FkRLVTJ%2FApHU6OP4Zm%2FQpOcR5eddG7zYREBn9Q4P6Jh6JviK1%2BvHAcvh9Hwnex5UNckXOT%2F3LAxl9LO8wQZPi0eHZ5T6o%2FKOxB%2BF2EdwDbSKQeKTyriuAC7MT2meB1uQhhLdroa%2FXQ%2BzKc62t21nilnbogxW9JSKJ9dFxlIeDJcrFRN%2BLM1yJAr78kyjmQeuVavFoQZioHQNBzgV6NBWA5Y8hMksdtWrgBkJurxaHm0Rn%2F2g5swDlVV4rJG14HEfjForf4nGUgPwiv53t%2BtlmqAbCY81f975eS5nfR25FBiP83WAv8GAIoQ0MwLPWeb%2FVBsJUyik%2F3NollRZWPHfEOqb5ktgL6TBQMy42QwBZ2hUcCCbQRcP%2FtPULu7jvSwtaJEfIFqiQYNdfkby2b10a1EVp0igryvMeq7nwyxkakny%2BHcVe0C01DoRuLYlc2WVVLJ%2B09lOUod%2BTwuORudRCDfdX2%2FcTqhwNyxBud6lkQqurLIV3X%2FKROyRJQcOQ1Yq2K40x%2BhZT%2BSuejm6ufkUP%2BJYkpwFkqx5sHq0UxrU0JLxb4ktYT9Iv4jUcQdR9x7t%2Fs1YT7%2BbRYGeICd2JwP8%2FW6HbNqMRUa8KJsCOK46%2FfM%2FAwCcaZtvbnGvtIDCIdWP%2BDm5UCUI7QHh6idLUzomy4XomA0tACpHJ2XWyTpAKAB3%2BmXh1ClJEks%2FV14WYY8HzocllCCMjxVKVs7VHzzMnYNUJgJp6CUXauCvW7Y5AjN&nvMid=85132570429&catId=50012280
해외마이프로틴 임팩트웨이 WPI 아이솔레이트 내추럴 초콜렛 1kg 분리유청 단백질,"59,900원",https://cr.shopping.naver.com/adcr?x=3Xc8RW%2BL3wiVd%2BPz3gWbp%2F%2F%2F%2Fw%3D%3DssXITlw66EdiNN2AqahRSWNHinK5ON059CzsfwEUoHCWcR5eddG7zYREBn9Q4P6JhZ7ACEuaxcdYbt3JHkCEkKZTkz%2BU%2FlWTNqzfcvDoff2EeHZ5T6o%2FKOxB%2BF2EdwDbSKQeKTyriuAC7MT2meB1uQhhLdroa%2FXQ%2BzKc62t21nilnbogxW9JSKJ9dFxlIeDJcrFRN%2BLM1yJAr78kyjmQeuVavFoQZioHQNBzgV6NBWA61Nslsj1BEi14CDZwnXamClBPRNUCBK8bEL%2F1mXIOPHjForf4nGUgPwiv53t%2BtlmqAbCY81f975eS5nfR25FBiP83WAv8GAIoQ0MwLPWeb%2FewqBwf4jaexOcKoA6Fskpn87gmYpkhenleZSg%2BT3NkQUcCCbQRcP%2FtPULu7jvSwtWZ5gUIsAXC950%2BveIK6dBhEVp0igryvMeq7nwyxkakny%2BHcVe0C01DoRuLYlc2WVYreJPtlCAIb9ieZmaJbeaSS9RJLaWxZOnze%2FJp05Xjju8aa9%2FBNg%2BJOZtFO8O9dKjWVuEYNJ5c5AzPpaR%2F3ZnsV2nC1F%2FI3BmWhUQdlPX2wnuCSce8W0frF8Q%2FxO1H%2F%2FDPOOsganMp5UO61lBjx1W5ISEgRkOuOPqXMrrODJQ%2FGMz2%2B568Bwg8toIg8Plu7e30qvglWkUPYRQ2SUibL7eUJ2SnKDXq9oUjP8xPSiNARb1NmOoRBMBsXNQGXzjfbC%2BFUQB%2FrDAzm2q1KHRsHkfE%3D&nvMid=84003551235&catId=50012280
해외마이프로틴 임팩트웨이 프로틴 5kg 유청 단백질 보충제 쉐이크 WPC 내추럴 초콜렛,"123,650원",https://cr.shopping.naver.com/adcr?x=VeQG6pwzpCRuDIjvjrCtlP%2F%2F%2Fw%3D%3DsJ6FeqDQrDHs7TEFNz4WfuLreQ3HP1JFHml47DatGKb16fYrIe3Rz36BqO4XkbRqESyljDaBk8GAZB2PXzsv7EUGrAgekflwVlBc7BB6JPgOTb27P8%2FmFSSl2ByllYDtDxWBRLxDQn5PlGS%2FIWVOMu%2BBCpwGj3T9ixGyGrkqCg%2FbjTUER3FHkYtWzYPYLJk09pppMQX1T8dJEU%2Fc7xb69pUuG%2FicFY3q9hGdjro9%2BnxSgKsJQaZM3%2BfRaMSMYzMoCUcTWvwSm1EFl1WTlIfMZV9krx1vgkXWRvhzw6xqomSBD4P%2Bj2CVvS6QkrpszyaIoCuwrUM2Vi5bq9fxYHuPhKZ0SvGdjgR%2F6QMK02i7NvPLU1Tt4L5p8P%2BFIgquSjOAk0PXurd6BwFrLIufN4yO47Wx5GzbrVjQKNiaVoGL67Cu7n%2BapAstyAla9qZsgSy5DOSbdorLuS8MV%2FCEOKhq6%2Ft%2FEIYp3X9KwxC9BBhNn4sH5XZCDl8voScXlm5zLGKVJQuoGL0YRdOHXiqzNwg6IyXjQVY%2FeIli19Nhah0oHDDtJZ0jqEysefFxfma9Zp68qXIJkWnQzN3vO%2BaG5sYWZAiEIc1Tg7QrLbZMD814kOnMKq3lYdc9iEVYZl6W5t4baCsvVyzIOrQNT%2B9Ft7wrJ0igEatJ4n2AHa75AtUPsES8nIVIqa0YTkO6fnu5bFmhfX6Ak692X4SLaBQEj%2B3oE2eR79U%2F6Az3gE9mQ%2Flgn57E%3D&nvMid=86005851782&catId=50012280
해외마이프로틴 임팩트웨이 아이솔레이트 2.5kg 분리유청 단백질 보충제 WPI 네츄럴 초콜렛,"113,900원",https://cr.shopping.naver.com/adcr?x=jkiJfpmGrbX78xWDRiIMMv%2F%2F%2Fw%3D%3DsN9kHHcBTLVnG66iJ%2Fe4BLVWuSti1%2BTNCUfZd%2F9BfkP56fYrIe3Rz36BqO4XkbRqELjJcopwtc5vGfidb6CYF%2FNF4R%2FiXR89dfUJSFDSzASiTb27P8%2FmFSSl2ByllYDtDxWBRLxDQn5PlGS%2FIWVOMu%2BBCpwGj3T9ixGyGrkqCg%2FbjTUER3FHkYtWzYPYLJk09pppMQX1T8dJEU%2Fc7xb69pUuG%2FicFY3q9hGdjro9%2BnxS2uOKmsJh32E%2BYcoY82e8xIAp0QdjWM4CokMfwns2Xr9krx1vgkXWRvhzw6xqomSBD4P%2Bj2CVvS6QkrpszyaIoCuwrUM2Vi5bq9fxYHuPhKY42063Zltic1isU275rRDWGVl4JBEKcT6NM5FYVLPxR0PXurd6BwFrLIufN4yO47VsCngZS0B9bQmFhjtsJcoAHnnikrWmO5Z0JZnSWu6ucOSbdorLuS8MV%2FCEOKhq6%2Ft%2FEIYp3X9KwxC9BBhNn4sFtCizqlW%2FfPwEEcrT4CoRumS3xl5YDewG0evtNvTajyxXacLUX8jcGZaFRB2U9fbCAwCUt%2F%2B7u3%2BYMK17EW5Membu7G8kw2B4pOg23x4Bcgp460c695HB%2BDD3BGAFXktjfyzPlkeYkFe7uHApvfAOcVsFAg54gX%2FYXv0gGDvIRmqwa9JlmckDbJAJUEGvcfEHrpLi4V0FX8jxTSRCHLtaWuwZZ6Ew%2FPWv%2FUfdReqU3vZdIK1jZhUSVRi3rmlyVZ2YdHI8FZtQVGFZJxOyBDKc%2B&nvMid=85673209437&catId=50012280
해외마이프로틴 임팩트 웨이트 게이너 2.5kg 초콜렛스무스,"65,900원",https://cr.shopping.naver.com/adcr?x=2LjgEqOANuFkyd%2B9eADarP%2F%2F%2Fw%3D%3DsM935wYr%2Bs3JTLtJrhCm4tl1WilikLtHfklAPa%2Bbkdah4bZj2dQ3rmazwmcKN1UmeAsNutX0ALhkOdMsWlNvU9qzcrRSCS5aLz7wchw6j8t50PJDoXnlUDdM%2BGAZGLMZFciqgNJzib0kRMLl831%2Fsu00Eyi6%2FBxZgE9ywl9FKxjX0DOw13UwoJJRb7qwccAQMy7WsjvL6fGBruqRzbSMBoQdLXoybizBOVFY0bnGAXBviNxR70kjZrdgOU2aE7I9pm9PVCQeq%2FP2cXaz7YGtXyo869AKj4l5Wk1zrUHMAUq%2FDpmNu2Rs3tEPrV0ZTODsbWqyaFa2xLbpwGCJChqMDql1fvmM2rcdUXCiKV3qc3AteCWhm4jCKd952UY4qaBIvhKnIhKdTNkfcGmWkGNijFjSd791naopPQEJKSLxuPewGVJjQOIMS03m13YAnzFDQ6bHjlVhobs4DMEgQ4%2FGZar75TmY3PjIqgMuAd8ktjh7jwhGkrmMjxSsUGeK7BxPV8MvEFq1NgmWbNwdhT4hO6bKbMK7I250FRAU6%2FGVyoPIWeIlhwUkxswOYbZWqBsQdUHn%2BexxJdpxeYwaSCXB9LpAJTisD2oQhMmHfRPpWpo7p6eRWfj6GYlDEcna8WRH9pmIQ0f40MdOFnIIT%2FtVKT6ykhCYTV9%2BkHbr1S5w8ZZ6CqA6%2BrrPkSkQjk3bFq%2FUy&nvMid=85907314096&catId=50012280
해외마이프로틴 임팩트 웨이트 게이너 프로틴 오트밀 5kg 초콜렛 스무스,"73,900원",https://cr.shopping.naver.com/adcr?x=FRLEKkEgYk7VriG28ilk%2B%2F%2F%2F%2Fw%3D%3DsYN2dTRnkJwEpOp2yqwoPu4j5kMzFHTpW5RoQUmxJwk14bZj2dQ3rmazwmcKN1Ume8JPq69LTg9JhMpgAPOgEd8nGt3SxGKe9cBP2eaCeZMZ0PJDoXnlUDdM%2BGAZGLMZFciqgNJzib0kRMLl831%2Fsu00Eyi6%2FBxZgE9ywl9FKxjX0DOw13UwoJJRb7qwccAQMy7WsjvL6fGBruqRzbSMBoQdLXoybizBOVFY0bnGAXBvpOEFP21RqroofwpfHU%2BcBsD%2BpGJLZdskz5QXzNayjM4869AKj4l5Wk1zrUHMAUq%2FDpmNu2Rs3tEPrV0ZTODsbWqyaFa2xLbpwGCJChqMDqiNWUYFiXmC6ZrU4MX0j7nwO6IVg%2Bga4aBuEcBHWQmKnhKnIhKdTNkfcGmWkGNijFtlJKI4fVtHuh125fwGrEUYGVJjQOIMS03m13YAnzFDQ6bHjlVhobs4DMEgQ4%2FGZar75TmY3PjIqgMuAd8ktjh7jwhGkrmMjxSsUGeK7BxPVYpcZZbX0AwYr5%2BK15BY7gV8W0%2FiFCRTwkQML0E%2FbO0Uh2oVJKWX4yF0CrlmGEOyTLjU9pI3EYwgLq9siO2BgAl8yUr0IyAH1PeLOSFjdxDixChwsQYZrTCyV4dzakWStJ711XLM2%2BfL9L9gb4oJi%2Be8y4xbsf9c%2FW9v%2Brjt%2FrXdRTDbceNxIb2%2F%2Fcvc9r6HIy1Vhq%2FH77x9Zlr1IFzyuow%3D%3D&nvMid=84034764976&catId=50012280
해외마이프로틴 임팩트웨이 프로틴 1kg 말차라떼,"45,020원",https://cr.shopping.naver.com/adcr?x=V2JW2GLCbpjMxX4A4rKsVf%2F%2F%2Fw%3D%3DspfuH8raJTHdaCANeI4qzBJWZVQbKUD9rElhw2XECODl4bZj2dQ3rmazwmcKN1UmekCu5DJYBzJL8GjZ%2F2rEWVaw0eWwE8XpsyqeggXFfK2d0PJDoXnlUDdM%2BGAZGLMZFciqgNJzib0kRMLl831%2Fsu00Eyi6%2FBxZgE9ywl9FKxjX0DOw13UwoJJRb7qwccAQMy7WsjvL6fGBruqRzbSMBoQdLXoybizBOVFY0bnGAXBuS5KfW%2BKXt4H3XSQV4B6lE2KgH6IRpfqpmGw0rhZ9Zi4869AKj4l5Wk1zrUHMAUq%2FDpmNu2Rs3tEPrV0ZTODsbWqyaFa2xLbpwGCJChqMDqjTRKNamwGDE7IE6B99d94pCPOypXtApKrQ6coXSATsDhKnIhKdTNkfcGmWkGNijFhyKswPvmUsYfN8%2F1xzcDT9KI194O3yVGRkTAKu5NZTn6bHjlVhobs4DMEgQ4%2FGZavj9%2FfdNjBBKnmL1y4i7eDOhiFqZRXC3cVLG2Z%2FiWsqcoufvZubbSTy5WR0BXVz8kFgLS%2FpLvZBJU%2FWEbOFQGJJRsRju6SMOgteA2ClBA6kva1jS8Ua1hwiaLnWMxworxq3oNUQJMO9p20xDQkzroh%2B0%2BdiviYy8zNfPcKp9Jqi4xptzsybFmhoqOyn%2FiRKeH2hopkeKUdu5q4dSKA0zkoA%3D&nvMid=86663067789&catId=50012280
해외마이프로틴 임팩트 웨이 프로틴 5kg 200써빙 내추럴 초콜렛  2.5kg  1개,"129,000원",https://cr.shopping.naver.com/adcr?x=ym2SDtO6bikuJJ43QUsq%2Ff%2F%2F%2Fw%3D%3DsGiYL5eaggZOjsUJooj7vTAZdmkrnlmdHKGJMoezdPIN6fYrIe3Rz36BqO4XkbRqEJPcQzmzPV7PD0bnHS795XwVTrrYYJBhEhgts88DcwZaTb27P8%2FmFSSl2ByllYDtDxWBRLxDQn5PlGS%2FIWVOMu%2BBCpwGj3T9ixGyGrkqCg%2FbjTUER3FHkYtWzYPYLJk09ZDp%2FsRTmm%2FFuPRydTmNENF6v82U1AyJ7tlz4Wg0j9tKGuPmnjcrIYuQ0YekAoB%2Fxvlp51PayFoI7wPz%2BwEcoh%2Bfz65E5rE0ZfMDfw2JyIofh6kmXYn9QhjdGhO5%2BnXxI%2Fy5neqGMa08a287NLmG7x2d0m6Dp183uxVovBXh9vB2HCw2KpMAU%2B%2Fa5F0ZMfAszPRKtSJKV%2Bvmgj0BYi9M4lvJw2NP5HTufsV8MtNMeMsEErLiVapLwlJueGGJ2IhJzisext5K2yYkF868rsMDqibk4oaVFdh7nRGrgEVXPKJVxOON3IcQ6xopnxL2VbVtFXa1PYAb0zmPF1cRoKRscXYEhA%2BBes%2FjndnPzc8VpCM60NlVkFD2gMoqZXWDvAQ%2BE5VoBYWeH1HXz7poTpKx%2FRnmrADdVZX3F%2Bx%2FgPuUUM1NFbfkQMOAK%2Fj8otyNWXKdxxUuBdX46i0Fxn7sjO8g0HZqTYT%2BUpkMogxSOFFnEZ0UNGT8JQ0LAdxB%2B0l6doVXnMuyemmyXjkvE0da3q1TSmwjJhxpYuiwL2wAT4uzspSycPoVq5dlR27A5FHrgbltDjwYpjw2cDrbWY3K8FHJWfRnG%2BwzlTihqc%2F56HHK2Hilc51UiTeUOYYSU8hTSEmayaGimR4pR27mrh1IoDTOSgA%3D%3D&nvMid=45483709558&catId=50012280
해외마이프로틴 임팩트 웨이 프로틴 단백질 5kg 유청 단백질 보충제 WPC 쉐이크 내추럴 초콜릿,"117,500원",https://cr.shopping.naver.com/adcr?x=jYX3NE9Qqkk7cHSqPBagNf%2F%2F%2Fw%3D%3DsuHhhMqQn8VfeKbQPHSFgRqmwYD%2FGrKCkmKqD132QmiJ6fYrIe3Rz36BqO4XkbRqEC8B3bLWeH0m%2FWy9G9md%2BoBMNWEobSYK2u5pSbEnhMr2Tb27P8%2FmFSSl2ByllYDtDxWBRLxDQn5PlGS%2FIWVOMu%2BBCpwGj3T9ixGyGrkqCg%2FbjTUER3FHkYtWzYPYLJk09pppMQX1T8dJEU%2Fc7xb69pUuG%2FicFY3q9hGdjro9%2BnxQQg9CzuXOfh3zYBE72tW%2FhwCwh3F2hlCxAQJCGooC%2FYNkrx1vgkXWRvhzw6xqomSBD4P%2Bj2CVvS6QkrpszyaIoCuwrUM2Vi5bq9fxYHuPhKZA7kDtBMmOhcD8sKj21GfrQovqGvQ%2Bzr3P5xac6Z05y0PXurd6BwFrLIufN4yO47d9uegRaewjeXifNzBP36suhlqmv9%2BVPoJVwuA2z%2F%2BOxOSbdorLuS8MV%2FCEOKhq6%2FvgleYOMt%2F1HRORV%2Fx9s%2F7G%2Fe4%2Fx1MXmbLp9CD%2F0G7%2FOjzOjtty4xR6tvynsxihAtXC2ifkbNTj3jzvUIBHCn4GFE%2BVO2YgEUiL%2Bp3UztjQehLacPRuMRaOPRmFDljEL6ejluiVrLNAuyWy3iVPteb55gIcSxUS6%2FIFHZfKpTl1A%2FfRD8abm0%2FiSC5lreiCE0LEKHCxBhmtMLJXh3NqRZK1a2IynpDU2LkJ11%2Fvi2P80W8SVdmdk7CxD0%2BI%2B%2FyEZsreEvjNt5DqKJwt8MI9iqt3LVWGr8fvvH1mWvUgXPK6j&nvMid=85123858332&catId=50012280
해외[1+1] 마이프로틴 웨이트 게이너 2.5kg 무맛 외 7종,"94,500원",https://cr.shopping.naver.com/adcr?x=dW0Lt%2FaaeBprZEzBUComvP%2F%2F%2Fw%3D%3DscqmpwxsKaXs84HGXegG52J6zSrSUpBiNmT5EYOQ2VHB6fYrIe3Rz36BqO4XkbRqE4%2Bzv98rGkVaICxI3NzZMGlxsOgBzRb%2BgyyZtjGQARL%2BTb27P8%2FmFSSl2ByllYDtDxWBRLxDQn5PlGS%2FIWVOMu%2BBCpwGj3T9ixGyGrkqCg%2FbjTUER3FHkYtWzYPYLJk09pppMQX1T8dJEU%2Fc7xb69pUuG%2FicFY3q9hGdjro9%2BnxT0McH4ocdcQoco4jCKPwlvDd0YN2aIr1h9GWRHfQtr%2Bdkrx1vgkXWRvhzw6xqomSBD4P%2Bj2CVvS6QkrpszyaIoCuwrUM2Vi5bq9fxYHuPhKQDvehXvXPcEv3zTtaXVpDQGL5F7fxQavNr1y7%2Bu98IZ0PXurd6BwFrLIufN4yO47cuZvmaPP4X7ur5LGmsqKajgGQtwDNIKtVOkNKbufNJ4AEgHzgm9lpPAqqbIYp0r%2FneF4TZ31kJNh%2BIe7Xq3KVcP3%2BVnYrOSdVb7CMjT%2BXTMbPZy7Wen20uO7ZdpJRAZc0RaJfukQcpZ3OPMv49b0OTrnZ0OoFQzDpuwDZ0I1B2HjJ5o08IL2VOl6vCaorqWjvUcVRnm%2BrS%2FYYnvdOYzdRS%2BgJ1W1Mt2voahUPi08j%2FZdvsCN7koQyIiSIF1UfR5wjocllCCMjxVKVs7VHzzMnYNUJgJp6CUXauCvW7Y5AjN&nvMid=86185555385&catId=50012280
해외마이프로틴 임팩트웨이 프로틴 WPC 초콜렛 스무스 5kg,"119,400원",https://cr.shopping.naver.com/adcr?x=RaqCKx1PccnDNCTL6Dv5Av%2F%2F%2Fw%3D%3DsBFoVEZ3%2BrX%2FoN5WLVcb3n9uIi5ff2PLjk1%2BF1z9sfiN4bZj2dQ3rmazwmcKN1Ume4GOl6rqf5oGwVSVCnwmVTHDJg0aLtU2QW0YGn0RGd2d0PJDoXnlUDdM%2BGAZGLMZFciqgNJzib0kRMLl831%2Fsu00Eyi6%2FBxZgE9ywl9FKxjX0DOw13UwoJJRb7qwccAQMy7WsjvL6fGBruqRzbSMBoQdLXoybizBOVFY0bnGAXBta6oQl0auMR4NsRqWp5icxEJtE%2F6O0ZGiHDMwa%2FiVkM4869AKj4l5Wk1zrUHMAUq%2FDpmNu2Rs3tEPrV0ZTODsbWqyaFa2xLbpwGCJChqMDqsNVhthqlMTpvkCs1UyBNLwO6IVg%2Bga4aBuEcBHWQmKnhKnIhKdTNkfcGmWkGNijFvG%2B9r8Weo0CKQyUvsH%2FEe1uCX7qfKw3uLKVJPL7EECh6bHjlVhobs4DMEgQ4%2FGZavj9%2FfdNjBBKnmL1y4i7eDPAX6iVbOjliUcU2fV1UY4wxvGHHnCcIUYSEkpQQrnlt0e0WNi6JDlKrkbGySKnV8fj7rRa%2BwnooY2pjlTONRIUEi7gec9cBte4%2BjIyQdPebpAJTisD2oQhMmHfRPpWpo6hDmA4DXoLBcQrA6NS3DvFj1pFHPUi2k%2BFIP2ZPNcrCqujO0srlik3XpZj17pWJqkdHI8FZtQVGFZJxOyBDKc%2B&nvMid=84025541514&catId=50012280
"해외마이프로틴 임팩트 웨이 게이너 블렌드 Myprotein 홋가이도 밀크, 5kg, 1개","90,900원",https://cr.shopping.naver.com/adcr?x=GD8mTVr8ps6QTnEaUaJaMf%2F%2F%2Fw%3D%3DsraedNWpkCQZhPKS8VqXJ1F9db9jb8nZg382PAErdmWGcR5eddG7zYREBn9Q4P6Jh1pYl0ruQvtpBIlVKdZLJejRW%2Bs6b6w0rbijbehKhUvoeHZ5T6o%2FKOxB%2BF2EdwDbSKQeKTyriuAC7MT2meB1uQhhLdroa%2FXQ%2BzKc62t21nilnbogxW9JSKJ9dFxlIeDJcrFRN%2BLM1yJAr78kyjmQeuVavFoQZioHQNBzgV6NBWA531qxQKDiYraQYt6AmyIJwGvRBceg12g6bbM%2FgAAFoLlBb5zXt9SPbqgFF5KAnpTxVXemfpmeX70wC2wQT5nyi5pxiwDZPU40LYzhHX%2FcRvxzjJ56TWwnf8xVM6tVdfJ5tGJRkYVVt9PfihQsP%2BCCm2X5z4XWXk7VamIhf1rGigFj%2Ffnbgxi%2FxB%2BO6CLRi3ITN81WjUpxJVJrN5mDsz4BpoOZCCVG1Zg%2FbW8L1OrcOdSwA%2FlNoS9GKW%2FNlEanV3IqjcbXVV1Yl%2FgcNxU2lati%2FV%2BohJg7DuXRxPrqIb7gPGenozWa76k%2BV4vuJLR%2BHO3oRHNouKL1BY8zetwKVo%2Fx%2BAfvmavmVsdNXPWSUxgnXvFnwLNzAY5YMY58C28CMR9oX1CS17XGqbWT5rXdjyJzImHJO3e7OPV3SfytRnlx6U3zgJTXrq65QjSgcFg%2F0H6IdHI8FZtQVGFZJxOyBDKc%2B&nvMid=88980178182&catId=50012280
해외마이프로틴 임팩트 웨이 프로틴 5kg 200회분 WPC 유청 단백질 내추럴초콜렛,"122,900원",https://cr.shopping.naver.com/adcr?x=wz7PG0ZAitJfrmuLm7waCf%2F%2F%2Fw%3D%3DsJ9kx%2FTtd1ffcdflHGkyomNUFCryUudddTwZim8b51U14bZj2dQ3rmazwmcKN1UmeCYghzD0CQi7%2FoGqyrOZOvflHJ8jCmp3xzOSBaGcNdFV0PJDoXnlUDdM%2BGAZGLMZFciqgNJzib0kRMLl831%2Fsu00Eyi6%2FBxZgE9ywl9FKxjX0DOw13UwoJJRb7qwccAQMy7WsjvL6fGBruqRzbSMBoQdLXoybizBOVFY0bnGAXBvcdEcR2O6CwQEjeTDu70MNU8Dg5Wa4eJbuh0%2Bvt4WPao869AKj4l5Wk1zrUHMAUq%2FDpmNu2Rs3tEPrV0ZTODsbWqyaFa2xLbpwGCJChqMDqumCDZZluZ%2FaGtCnP8ZeR5ZeCWhm4jCKd952UY4qaBIvhKnIhKdTNkfcGmWkGNijFqTmNZ8%2FD1pKFVr4%2FAU%2FEDJ8xFiiHki%2FIAhpKNJriFwE6bHjlVhobs4DMEgQ4%2FGZar75TmY3PjIqgMuAd8ktjh4rZ2qgYxJyDNjzk6TRoea2%2FVz8XA9HSTCiGuekYO8NIuGQ5EKOf3a22HkC%2BNBXA9IqbnDW6D3HX9SefIZao%2FE27y4Iu1v0OmaMV1ALhGfSi5ESSVWVVBJLbv4uf7V7gqgfpv6Z8umv%2FdmNBzRIvWG16ubyPS084jJBcVqA%2BDK7tb9aZA8tHtEgzrI%2B9Ik0n2zBF%2F8lAmCYIE%2B9Eaho9p4xb1NmOoRBMBsXNQGXzjfbC%2BFUQB%2FrDAzm2q1KHRsHkfE%3D&nvMid=85133636321&catId=50012280
해외마이프로틴 소이 프로틴 아이솔레이트 식물성 단백질파우더 비건 2.5kg 아이스 라떼,"64,900원",https://cr.shopping.naver.com/adcr?x=XwbjhkNb887R2LGFry%2B0jf%2F%2F%2Fw%3D%3Ds0fp3UwgzhspylyzRvR1e%2BOd7KgolSqvymcZ26mO9A956fYrIe3Rz36BqO4XkbRqEJiM3jzXfR1SFDYTALAj5r4EIoXYVhFDYD5d1iInj1ZeTb27P8%2FmFSSl2ByllYDtDxWBRLxDQn5PlGS%2FIWVOMu%2BBCpwGj3T9ixGyGrkqCg%2FbjTUER3FHkYtWzYPYLJk09pppMQX1T8dJEU%2Fc7xb69pUuG%2FicFY3q9hGdjro9%2BnxTT3%2FY146nEo0olF7zRQmgyjYGLdBwweAehmkVzlcS%2BIfwW6bgpJc%2BIDqoZizavjpPffisv5tHfoGFh7RH%2BtSaOAFJNLWxG%2Fj2gEfGb7GroeMKsYorXsA6sRh07UYWFM1OZZ44qezsL9UOflf6zf9xhx72P1MzfeDsyK%2BcBtz34gH8KnQ8M9Jjlt5y%2Bof00tlkdgNmelGcY1NlWKQR9D7l8X6z15b7rAQ1Ih6ltoqFhUpCr7gJ%2FEzF7ltQyu9Fg737Rj2MyETDMuc%2F%2F3BD9qZ8pp3EGxDoO5E7FbswL1rIZTInPEuV82REwCJhExC5JnkbujW3MTDRg5mn6wm%2FFv%2B%2FJmRvS9E9AqjST3en57xeF9GKNeL43VRr%2B1GzyxEbEAxK%2Bmc5%2FHuVjN4lJBlJ6ye3AppCFQpOHqg2xG%2B7j98943jLtg6R2MSvHLNuitnjZhyNTIMifoMzeT2LlZgdjIGftDc6tag3bD%2B3XKXmyD4qwFriJ0hZX34GLe5NnsDJMyQ5B0CIl3BeKsFF2drF%2B%2BsFv&nvMid=88048157487&catId=50012280
해외마이프로틴 임팩트웨이 프로틴 단백질 1kg 초콜렛 민트 초코,"48,900원",https://cr.shopping.naver.com/adcr?x=eRoWz9cqruTxOrqgX79VGv%2F%2F%2Fw%3D%3Dsv0hljH9RdWbydTNS6NsHlreT0RQgqv33sLc6KtXOiwV4bZj2dQ3rmazwmcKN1UmeFTTmCgH4cT3yv3Kj9AS4zT%2BLUbPVitwAUyophzNT3o10PJDoXnlUDdM%2BGAZGLMZFciqgNJzib0kRMLl831%2Fsu00Eyi6%2FBxZgE9ywl9FKxjX0DOw13UwoJJRb7qwccAQMy7WsjvL6fGBruqRzbSMBoQdLXoybizBOVFY0bnGAXBv9tyQ2mN3SsI7AbWnSeBZ6l%2B%2F7mEn7kKhiwpSZk5cE3I869AKj4l5Wk1zrUHMAUq%2FDpmNu2Rs3tEPrV0ZTODsbWqyaFa2xLbpwGCJChqMDqj06D2%2F%2FFp%2B3mJZUbHIq2Tq01APRGfSHISOZJxCDXQWfhKnIhKdTNkfcGmWkGNijFnyImAT7kvNCn7nRxEJP5%2F7cEUMk%2BYg0ZV3bZSl4pTyy6bHjlVhobs4DMEgQ4%2FGZavj9%2FfdNjBBKnmL1y4i7eDPQnu6cdOCrpLvHevBo3CmJFX6zUUQr9T2v89s25D%2BC0b1KL%2F%2F9xleAw8LzAIF5BfZC899%2BQ1k%2BoGQFljt2BwWbfwttbsrNi42JGlmC5QiC%2BFiExZEUxOZ8xPXuJ0J75JRh70HU87NGXhiFEM02QFqjy16CkQnFxBD8mLM4OKBTrMgIx4wicc3NOu%2FSRxE9ek1WhZ3SMHTcLlpircdRzUgq1JIslBmdxaTx7xO1%2BPPoWw%3D%3D&nvMid=86873713290&catId=50012280
해외마이프로틴 임팩트웨이 아이솔레이트 프로틴 분리유청 단백질파우더 WPI 1kg 말차라떼,"74,900원",https://cr.shopping.naver.com/adcr?x=blaG3xz7LDankwZnD%2BS2M%2F%2F%2F%2Fw%3D%3Ds7%2FVgZWVPCrejII2eO1NqZBEiuVUGZ3LMpDx5LfRzcBF6fYrIe3Rz36BqO4XkbRqEe8wDs6iNfVQMYk709Jc0Ho4WOphXvBPly2WFJh1qAYGTb27P8%2FmFSSl2ByllYDtDxWBRLxDQn5PlGS%2FIWVOMu%2BBCpwGj3T9ixGyGrkqCg%2FbjTUER3FHkYtWzYPYLJk09pppMQX1T8dJEU%2Fc7xb69pUuG%2FicFY3q9hGdjro9%2BnxTT3%2FY146nEo0olF7zRQmgyV1Uafy%2Bgs6jRc%2Bk%2FRQcZYfwW6bgpJc%2BIDqoZizavjpPffisv5tHfoGFh7RH%2BtSaOAFJNLWxG%2Fj2gEfGb7GroeHO2pQv%2FWS7P3Z1I09a4viimHrufisqEMQmQW6HLWwqgx72P1MzfeDsyK%2BcBtz34gH8KnQ8M9Jjlt5y%2Bof00tln1mXwhpeP%2FL6g%2BbbcmpzlbX6z15b7rAQ1Ih6ltoqFhUpH04QLrauz0kKUYeaihwSVtBbm%2BRha%2BuZ4Flx1cOst%2BTiUzdYe5jX8uiJP6op5F6k8dRqqSo7%2FG5fV5XDSsNRgAYMIb43HJGJkh9yXVy1R2jR0ZbxcVymvAyIgqFU3XqiuXdLkMHQlzkGLhWzgwYkTeuYRi0rTPFeEOOH10LF%2BDcs2EGRvNdbD73GSqdVQseQ%2FtRs2MgkAFbAzurpTEm5aXcYZGEoyS6xykrcPY4pUj45YjxXVYqIVce%2BRAG%2FNaELQ3y0a%2FLvZjNY0Aw6%2B82zsOEsHC78VBLnFZh%2FnDobeN&nvMid=88048125473&catId=50012280
해외마이프로틴 임팩트웨이 프로틴 단백질 1kg 홋카이도 밀크,"49,900원",https://cr.shopping.naver.com/adcr?x=e4J3c91rGQIwFkDEW9E5m%2F%2F%2F%2Fw%3D%3DsYL1ijSXw0v0GxdaIOUtqG3clRvnJTZAICTAaqveqwmN4bZj2dQ3rmazwmcKN1UmegVlVSHDhD3RWqVDcbjn17tJcWcWvjoii3ilSseiRlnl0PJDoXnlUDdM%2BGAZGLMZFciqgNJzib0kRMLl831%2Fsu00Eyi6%2FBxZgE9ywl9FKxjX0DOw13UwoJJRb7qwccAQMy7WsjvL6fGBruqRzbSMBoQdLXoybizBOVFY0bnGAXBv9tyQ2mN3SsI7AbWnSeBZ6A%2BEVT%2FtJaoda2VDsVSQ9Zo869AKj4l5Wk1zrUHMAUq%2FDpmNu2Rs3tEPrV0ZTODsbWqyaFa2xLbpwGCJChqMDqpvDuhXkeK0NbtSfah3GiRC01APRGfSHISOZJxCDXQWfhKnIhKdTNkfcGmWkGNijFkDvI3Q5J%2FLYx%2F0v1OIvLZPG%2FX3t%2FKNhLJcWuuhZgRR26bHjlVhobs4DMEgQ4%2FGZavj9%2FfdNjBBKnmL1y4i7eDPQnu6cdOCrpLvHevBo3CmJvVKYGzgOCJl20nSbOlgS6yLVu6Q2YtadmGG7UMvHP%2FDHfUaVmHQPJ4XJFA%2FjYNjp1D5rlHmxROzblfcqlCqxvCmEzheSrB6vooBgHNaQHmcyVJBglZOIbn1FHZbXQC2J3XR%2FISfCTSNHjugXct8JThKxzM%2FmZzFhw7%2Fvj7RBRWTNjqh%2FZemCCOboDhnweAmG&nvMid=86873716715&catId=50012280
해외1+1 마이프로틴 소이 식물성 단백질 파우더 아이솔레이트 비건 2.5kg 11가지맛,"89,900원",https://cr.shopping.naver.com/adcr?x=sbN2uSW%2BhtRrm2E7pZmeFP%2F%2F%2Fw%3D%3Ds074kGj%2BD9wnVs6%2BA9%2Fl2dCGH0BJjiXeCpQo82k1qTHOcR5eddG7zYREBn9Q4P6JhpWr9PSH7uZm0LeCBNJm8b5Tkz%2BU%2FlWTNqzfcvDoff2EeHZ5T6o%2FKOxB%2BF2EdwDbSKQeKTyriuAC7MT2meB1uQhhLdroa%2FXQ%2BzKc62t21nilnbogxW9JSKJ9dFxlIeDJcrFRN%2BLM1yJAr78kyjmQeuVavFoQZioHQNBzgV6NBWA4LqY1rR2O5bLRykjTNKKtfxch0XN8lbJg7uMoF1RMZQ1Bb5zXt9SPbqgFF5KAnpTxVXemfpmeX70wC2wQT5nyi5pxiwDZPU40LYzhHX%2FcRv85cSmHgZ0r5%2Br2%2FMBClbf4AEnAfAfNkFz4J3E89W8uS2X5z4XWXk7VamIhf1rGigEiQxES3FAeZRP5EInsCoCvN81WjUpxJVJrN5mDsz4BpK4Ta7aXktl%2FQlt%2Be%2Fom6yPqdhPCXd%2BpgskskfJKdq2wFayyeloNav4welcMIo1El4rQ6xnebmLHxFyqJs6ehFe1ZhWU2OiEGlLbZrFuTas3x9mVR8orGj4GSm3idbXsQsj2%2BE%2BTylrLcEy5At67rHW4nyvqCF6NbNC%2B0aCt8fzAJXCOJx17vEKpzdWvjMkPrRMyAFPOYNXTknPt2FQkxdeHPVYP%2BOtk3oV9dMSDWlD7VmCcPtyIxY63rYMrCwJpSmYeXMt9tIk5YN3yqXbTw7kHQIiXcF4qwUXZ2sX76wW8%3D&nvMid=89648070048&catId=50012280
해외Myprotein 임팩트 웨이 프로틴 5kg 200써빙 솔티드 카라멜,"155,120원",https://cr.shopping.naver.com/adcr?x=PAm8i0nKN4yAJ6%2BZo2dZff%2F%2F%2Fw%3D%3Dspp9WS2bmVUtyLJk51c83OVOCrol4W38leqNolxqy5y16fYrIe3Rz36BqO4XkbRqEywf9N77%2BQqMcbtoQIe5BMqvCyyiWlM3MlGIV9JiUK0mTb27P8%2FmFSSl2ByllYDtDxWBRLxDQn5PlGS%2FIWVOMu%2BBCpwGj3T9ixGyGrkqCg%2FbjTUER3FHkYtWzYPYLJk09pppMQX1T8dJEU%2Fc7xb69pUuG%2FicFY3q9hGdjro9%2BnxTWz82phXGkYREF3OIDLDoOpgxynaq%2BVvHFg9TFh6Pq2PwW6bgpJc%2BIDqoZizavjpPffisv5tHfoGFh7RH%2BtSaOAFJNLWxG%2Fj2gEfGb7GroePLNyonwyj9rt6eULqwl%2FjYUBd%2F80UiJXVaiobaf6wyox72P1MzfeDsyK%2BcBtz34gKVkFe%2BAcOsptbe4c8uDMWAL6%2BbV9K%2Blke%2BPo7tgJvnU%2Fq%2FRgr1r2G7NmdKZ5OHuPiwA%2FlNoS9GKW%2FNlEanV3IqqoS%2F68OyJ3%2FRR3LeBOWr11qQO09GhqQvDK9x%2FgnOkywoi1JvJ06KO4RXYBEh24f8aYBAGiUO8jTT64Au%2BXzRbik%2Fxwb4chHoPGnfn23oWRTYhYCKekPCDvbTMF%2FwJQpd3lhYrnPTpMufIF6CAOYLangh2%2B0fo5uBkMPDg2OpQ5rnoXx107KifhqQrdMu3cgXke%2FVP%2BgM94BPZkP5YJ%2Bex&nvMid=87793897946&catId=50012280
해외마이프로틴 임팩트 웨이 아이솔레이트 무맛 1kg,"최저35,300원",https://cr.shopping.naver.com/adcr?x=nzySk%2BpnP45YqYyAZIFpWv%2F%2F%2Fw%3D%3DsrW%2FSD0Cp9Up2OVRvvTU5NICOC1aqXo31gLJmQ56ebp%2BcR5eddG7zYREBn9Q4P6JhyH6zDZp7e8mijSUQU0h5yhTK00AtLFBS7e%2Frv023PxQeHZ5T6o%2FKOxB%2BF2EdwDbSKQeKTyriuAC7MT2meB1uQhhLdroa%2FXQ%2BzKc62t21nilnbogxW9JSKJ9dFxlIeDJcRsCh5GS%2BklokEzA%2FJ0VszxCGSQdcrj%2BZJHLmJxgT%2Fbvdq8ber3ZztoNJm1%2BIIG9X4jMhdiuNMQb50cjb2lQMOFrLrdF3xq%2FSw5%2FZmP%2F2my3gzVHekuO3ZGRgLv7I3UZ2aEYWzaLllgMPG7LZySwbBdkrx1vgkXWRvhzw6xqomSBD4P%2Bj2CVvS6QkrpszyaIoCuwrUM2Vi5bq9fxYHuPhKbLVOiyDgI0qjQZcQBoW4oxoKCCrHNKTQTNT32sYCXsd2X5z4XWXk7VamIhf1rGigDlY1zhG0uOgVfb0y1hi5tculMSXmodDptJZCDmbU%2FWS3oyFa6doizsztZlzxWtyoWQBOy3sBXvEmc84oP8hQpscLq8uG9plM3Ps%2FXP0DzRb6Kc3wlIzXdtHI6DwGaU7qzXOt8q09ANwN6Gest5NSudA%2F2S7LMoQBf9pV4FZm45YlMveu5pUmt5mX6mUy4ug6odUOC1pPz5h9bzMOSegPEzin%2B8ko7mq3F5xvQUij6DzfOAlNeurrlCNKBwWD%2FQfoh0cjwVm1BUYVknE7IEMpz4%3D&nvMid=32731854620&catId=50012280
해외마이프로틴 임팩트웨이 프로틴 2.5kg 유청 단백질 보충제 쉐이크 WPC 네츄럴초코,"88,900원",https://cr.shopping.naver.com/adcr?x=jpudjY%2Fw8dGTRHlGCINAFf%2F%2F%2Fw%3D%3DstyRI64I6yVCMZs3UTc8VJ%2BnaKC3pFRckVV7dE5OYTrV4bZj2dQ3rmazwmcKN1UmezRapDcpgKNAfCL9l8kvXeYNYyMJZIvoXhseLazgSA7t0PJDoXnlUDdM%2BGAZGLMZFciqgNJzib0kRMLl831%2Fsu00Eyi6%2FBxZgE9ywl9FKxjX0DOw13UwoJJRb7qwccAQMy7WsjvL6fGBruqRzbSMBoQdLXoybizBOVFY0bnGAXBveSZd8GTDGtiVk0Fad5OFLOrPcIChy6wagcOpn1Kd0Go869AKj4l5Wk1zrUHMAUq%2FDpmNu2Rs3tEPrV0ZTODsbWqyaFa2xLbpwGCJChqMDqmAkfBkUm1W6yEjXvZwt0Kp2xI%2BCKMFM31HXgn1AzifahKnIhKdTNkfcGmWkGNijFiX6Ap61djnDrMXLVYYI4DVuCX7qfKw3uLKVJPL7EECh6bHjlVhobs4DMEgQ4%2FGZavj9%2FfdNjBBKnmL1y4i7eDOZTgXasFbMz1h4lHGKcQSDZaHrPkv9sZXROW9splAPtQ2UAMEnifpeA4DgE9Cq7E8Peila%2Bi7%2FAftPrnNLOHAmg5hF4xDyWTar0loHn3yr5kv0Gi89kPgdfWQSKuSmvmc1pn3Y0IBzFT5nH4ufPyp8dH0g2z1mnGI56RXn%2BRsxca42nJl6gc%2FUvHjMYsBqbux3ofQqVi11z8rw6qtWKVoxkcdl0Cpo3zoEf4b6oTiPIYVsN%2FiAcjmtIwlTUFZwg6A%3D&nvMid=83600868834&catId=50012280
해외마이프로틴 임팩트 웨이 프로틴 초콜렛 스무스 2.5kg 포대유청 단백질 WPC,"61,400원",https://cr.shopping.naver.com/adcr?x=4EKaq%2FM%2FFYbfTI3ooNo0Yf%2F%2F%2Fw%3D%3Ds0l8IZzfjkoaI%2Ffyc%2BXXZkuqFoOU8OJxiH3Ymw36MwTB6fYrIe3Rz36BqO4XkbRqEK%2BWpuRAbWTTPHGDPh78JAycMpwdE4Ww6%2F9k1XA6FoDGTb27P8%2FmFSSl2ByllYDtDxWBRLxDQn5PlGS%2FIWVOMu%2BBCpwGj3T9ixGyGrkqCg%2FbjTUER3FHkYtWzYPYLJk09pppMQX1T8dJEU%2Fc7xb69pUuG%2FicFY3q9hGdjro9%2BnxT3bOluxGP9m%2FIbI4fVkmj9ocDY2Mg5%2F13wSJDYKTsKXNkrx1vgkXWRvhzw6xqomSBD4P%2Bj2CVvS6QkrpszyaIoCuwrUM2Vi5bq9fxYHuPhKdA3LD1%2B6VWEgh9VOo3SJYNDmnFLKnahOIIcTKePZa210PXurd6BwFrLIufN4yO47f7gXMxbP6bjL0oIJB4M4MWKPyEDk6isMs6XSIsLC%2BSdOSbdorLuS8MV%2FCEOKhq6%2FvgleYOMt%2F1HRORV%2Fx9s%2F7G%2Fe4%2Fx1MXmbLp9CD%2F0G7%2FOxvGHHnCcIUYSEkpQQrnlt%2BjzHScF5LbjmnU3e1cLd%2B2vGpuTNuHuOYjulrlJhUdtDQgv3qPbZWE27MeK%2BG5GfqEMuFal4U%2FnBoAsgG7tUaE6EW1x%2F4ZBkea9aibhdYnVMz2%2B568Bwg8toIg8Plu7exRSHqQ8EshaIjJ0WKWRiTcudO6uQPxwRBaDVwJSvfuLPm2V2WLj0oLfvtXSAq9jPg1QmAmnoJRdq4K9btjkCM0%3D&nvMid=85340145045&catId=50012280
"해외마이프로틴 임팩트 웨이 게이너 블렌드 Myprotein 초콜렛 스무스, 5kg, 1개","90,900원",https://cr.shopping.naver.com/adcr?x=LLUwqRBFDRqTfegwjn4be%2F%2F%2F%2Fw%3D%3DsutyEXQzujuw0MfCjfzJR1%2FDvP705H2bxMTcPJSAcyBJ4bZj2dQ3rmazwmcKN1Ume0N15tGvq1k%2FOfe4dmjZ3sCvtjizKtyz6Gd8Os5lcJoB0PJDoXnlUDdM%2BGAZGLMZFciqgNJzib0kRMLl831%2Fsu00Eyi6%2FBxZgE9ywl9FKxjX0DOw13UwoJJRb7qwccAQMy7WsjvL6fGBruqRzbSMBoQdLXoybizBOVFY0bnGAXBuyMVbT8Zuhx16fLqaia9ts38Sce8C1Yy41Et4uLRR2ej0cxYYkUOMiFQ2CyaJ7QBLL%2Fowdnq7%2Fmfq67OVRzok0S5SJNLgIdS1XFCtZ5GETGDAXhND3LhKZRdDkq2plNkqkToLPXSIrvxPOWBCs3tht4sEVavfJoAo2NDK5AG5ESqaVCGQGxIWx9xFv08c44YANqYu5emZLrR%2FzfRARu2yJHWO16JUlTZgUAxnUGZ1mKV8zJwgTQ9Sf029iDo2IcXk3uiPPMgzz0A08dgNR%2BmdZ%2FCCd2AQmlv8uECowDd3TRwr56PRdqvyDZGpHl4oLgBPRkoy%2F6Mt7BdenN3G%2F7qbjXXL1t%2F5ObErygNxprOg7bnR9INs9ZpxiOekV5%2FkbMXGQJ0boQLTbLCrCkhE5j0EdAJXD6erJUezp2j87A0PqhiFi8XcASksOtQ3ppAmfob%2BFbDf4gHI5rSMJU1BWcIOg&nvMid=88980178170&catId=50012280
해외마이프로틴 임팩트웨이 아이솔레이트 2.5kg WPI 분리유청 단백질 내추럴 초콜렛,"104,360원",https://cr.shopping.naver.com/adcr?x=Zx50C%2FWuQ%2BpX%2B5kfrnDqyf%2F%2F%2Fw%3D%3DsXQeIDMbQezWtmTY3rOD07ZejqktYnJKWNOLo8yC8u0V6fYrIe3Rz36BqO4XkbRqE7RYfmba6HADC40MZwPBQ4uxQr%2Flvy5wXCDhXBh89J3%2BTb27P8%2FmFSSl2ByllYDtDxWBRLxDQn5PlGS%2FIWVOMu%2BBCpwGj3T9ixGyGrkqCg%2FbjTUER3FHkYtWzYPYLJk09pppMQX1T8dJEU%2Fc7xb69pUuG%2FicFY3q9hGdjro9%2BnxTBA4jV2oLt4c8HUHuq%2FUCaHuNgy%2F9KDZ357AbU8PNbStkrx1vgkXWRvhzw6xqomSBD4P%2Bj2CVvS6QkrpszyaIoCuwrUM2Vi5bq9fxYHuPhKXittldu%2FwD9xU60cCQihtlYoS5Dmz5GrUl5hEce26GL0PXurd6BwFrLIufN4yO47R8lI7bKNPxymf1LbdnBYlX4mg%2BuWzBgGKHSd3Wd5wNzOSbdorLuS8MV%2FCEOKhq6%2Ft%2FEIYp3X9KwxC9BBhNn4sFtCizqlW%2FfPwEEcrT4CoRut5yH7ntMY2Jld14T%2Fyhqldr0GXnDjDcg12Qb5x%2Fn8mHZfPyZVCOpt84Q6LsmUBOGWR0MedhDSV21YSBDKN3ZNVRzXAzhF5iytsh7Q6UCdMTxvVGCoOSbCLVUk2shMQ7tKYTOF5KsHq%2BigGAc1pAeZ%2FI5iW2dk41jpZZLIHyiKMRPu4zDYUh%2Bv0miub%2Fc3i85oBKU%2FVAmS9bDNWOm21p0PM2OqH9l6YII5ugOGfB4CYY%3D&nvMid=85127443411&catId=50012280
"해외마이프로틴 임팩트 웨이 게이너 블렌드 Myprotein 바닐라, 5kg, 1개","90,900원",https://cr.shopping.naver.com/adcr?x=Ssc4TyxU72YSOHJMFX6rvf%2F%2F%2Fw%3D%3DsLBE1ggE377DC4nujTFTZCAPT4cpRBwPRredJJ0yh7XecR5eddG7zYREBn9Q4P6Jhrr%2B9cHyM0KB%2BmScx8trq%2BNckXOT%2F3LAxl9LO8wQZPi0eHZ5T6o%2FKOxB%2BF2EdwDbSKQeKTyriuAC7MT2meB1uQhhLdroa%2FXQ%2BzKc62t21nilnbogxW9JSKJ9dFxlIeDJcrFRN%2BLM1yJAr78kyjmQeuVavFoQZioHQNBzgV6NBWA531qxQKDiYraQYt6AmyIJwb0FcESUfUHNooUHUD6QGCVBb5zXt9SPbqgFF5KAnpTxVXemfpmeX70wC2wQT5nyi5pxiwDZPU40LYzhHX%2FcRvwe2f6%2Fu83UcsSPF9P9YgeFtGJRkYVVt9PfihQsP%2BCCm2X5z4XWXk7VamIhf1rGigBFDod0kM53CfO24JQqZoqrN81WjUpxJVJrN5mDsz4BpoOZCCVG1Zg%2FbW8L1OrcOdSwA%2FlNoS9GKW%2FNlEanV3IqjcbXVV1Yl%2FgcNxU2lati%2FV%2BohJg7DuXRxPrqIb7gPGZ10DrVVYETWQtAqiOTbevQRHNouKL1BY8zetwKVo%2Fx%2BzuVhA0DjnMN1ZXtA0JtVoVnwLNzAY5YMY58C28CMR9p%2BRfZZ5x8Ez%2BGSvg5pg5C2oPQ59x2YV7HeTGm2v4AUbXzgJTXrq65QjSgcFg%2F0H6IdHI8FZtQVGFZJxOyBDKc%2B&nvMid=88980178176&catId=50012280
해외마이프로틴 임팩트 웨이 프로틴 포대유청 농축유청 단백질 쉐이크 내추럴 초콜렛  1개  5kg,"114,500원",https://cr.shopping.naver.com/adcr?x=YMK2eHGOpXqmP4v%2FrhsHdv%2F%2F%2Fw%3D%3DsYvQdj40qgCk2yKloM1rF%2B6tx%2FroYT57h1Sv6SlkjpGCcR5eddG7zYREBn9Q4P6JhaSAIYb6a9kYq%2Byeg67a7nRTK00AtLFBS7e%2Frv023PxQeHZ5T6o%2FKOxB%2BF2EdwDbSKQeKTyriuAC7MT2meB1uQhhLdroa%2FXQ%2BzKc62t21nilnbogxW9JSKJ9dFxlIeDJc0Sd0WzzbtHCCsXhw4SRIOHt%2Bn73F6F3JcLTBHczAxorQ1YZ3e2ivlUvLb3Xn9UN989X5ypCkCKsAqcsfp78BgDt0zzHkvZP3Xx1NKqzZAac5%2BEBoXW6xc9QkgoemvYC2sZ%2BX08DIMV%2BQ59rFr%2FpFB6LTL58J6b%2BgeZRFyossQGMBRpwvet7lJp%2Be03YWnHzQnwaCmoY2xZmgCRY1JDYYhdkrx1vgkXWRvhzw6xqomSBD4P%2Bj2CVvS6QkrpszyaIoCuwrUM2Vi5bq9fxYHuPhKUShaZYlVwvE8%2BeqfdU7Lseyz3ExRYuPVIG6YDxGLVSdhKnIhKdTNkfcGmWkGNijFhbU9YwRwpwvWDxnEeez4aZ6K503jBTFiO%2BslOwbxo4O6bHjlVhobs4DMEgQ4%2FGZar75TmY3PjIqgMuAd8ktjh4M2rHgp%2BiyH7VOB61MyCzR8FTLdfoLegtx6mi1OsipvK8am5M24e45iO6WuUmFR21uxOO2l06jXZjRQLl%2FdKUI1cRxzOuENL0PB7h3VnjcmurdAphYauWB4gbsO4ZaY5C0v5NdHPHV05%2FypkSkzIsKQlufGKIVePaf%2BfDOw8sGTmtY0vFGtYcImi51jMcKK8aux3VgwU%2BJATCB8TKNQYUTkVAhOWE%2FYlNyDm32pAZ%2FU5y8sARekz3cqx4uaUskJFYNUJgJp6CUXauCvW7Y5AjN&nvMid=53086867887&catId=50012280
"해외마이프로틴 임팩트 웨이 게이너 블렌드 Myprotein 스트로베리, 5kg, 1개","90,900원",https://cr.shopping.naver.com/adcr?x=w3ctZm%2BhJB1EgFeQMQjBo%2F%2F%2F%2Fw%3D%3DsvBj9xizJnC7ruqLe9%2BTGZfkbf3RiZ69oIWLaUXjjnId6fYrIe3Rz36BqO4XkbRqEgVhqUftN%2B1bhBvoHK5Lh3cfCuXtpFHN2Dk%2BiwYJnraSTb27P8%2FmFSSl2ByllYDtDxWBRLxDQn5PlGS%2FIWVOMu%2BBCpwGj3T9ixGyGrkqCg%2FbjTUER3FHkYtWzYPYLJk09pppMQX1T8dJEU%2Fc7xb69pUuG%2FicFY3q9hGdjro9%2BnxSfuPBUunV5qvOTjWXlFbMizT71RIPipbhj%2FEfffnFPRvwW6bgpJc%2BIDqoZizavjpPffisv5tHfoGFh7RH%2BtSaOAFJNLWxG%2Fj2gEfGb7GroeO8pJLIebayVedfp5eIfBIA52NVaksC0Kn5YHbPxJMNAx72P1MzfeDsyK%2BcBtz34gMCYAC5BwqPaHnfHHd5sp7S5QvccmdcERLBzixfyMjsbX6z15b7rAQ1Ih6ltoqFhUpH04QLrauz0kKUYeaihwSUf1f18QcUI%2BbppcZngl5CekpZf%2BHCFE743dtfqPpo2FLqo0MM5rQZ%2FITcrNNAc72iPYcG395J63ZFe4lG2oU2YDBVOYjPQYxd4NZ1xNdzqrCmEzheSrB6vooBgHNaQHmcpSMUoth6mnIVOQuxsgR80BS1M1hsOKo%2B07JboUYAupmbmfmdfw9PT0YxFzdmYeQXNjqh%2FZemCCOboDhnweAmG&nvMid=88980178179&catId=50012280
해외마이프로틴 게이너 2.5kg,"67,900원",https://cr.shopping.naver.com/adcr?x=S6kSrnwH0I%2F3cPSYmoeCBf%2F%2F%2Fw%3D%3DsUSpPoiREFOeEwgTaNqo%2FF8TpmGdHMdh8HFAhMHjIke14bZj2dQ3rmazwmcKN1Ume9yS2EHbspiekOVqn5EBrZ6p6ViEPHEsACQJwbaApnzF0PJDoXnlUDdM%2BGAZGLMZFciqgNJzib0kRMLl831%2Fsu00Eyi6%2FBxZgE9ywl9FKxjX0DOw13UwoJJRb7qwccAQMy7WsjvL6fGBruqRzbSMBoQdLXoybizBOVFY0bnGAXBt3zyjjh2X9QOdZwNXWJsvROVxkIjwsOzED28w7JvfUdI869AKj4l5Wk1zrUHMAUq%2FDpmNu2Rs3tEPrV0ZTODsbWqyaFa2xLbpwGCJChqMDqlfO%2Fcskw3zuzl8tqfcui1sHvve8j1WenqsJPDqWVyNShKnIhKdTNkfcGmWkGNijFiJ1FoTwMGH%2F7OYyCyyjjfB8xFiiHki%2FIAhpKNJriFwE6bHjlVhobs4DMEgQ4%2FGZamJmjap%2FePIANofOPGtWNQmtMi6G08KGZf6vQ5ASmSuuOd7cAxJ4LoFDmYkoXgLJm1iExZEUxOZ8xPXuJ0J75JQskoiXHkueKPYX10H0q7HwB0T4jfuyFvo8sdj9Zz4JXan1KUN%2FjUo0bA5ztZmgMvpWhZ3SMHTcLlpircdRzUgq1JIslBmdxaTx7xO1%2BPPoWw%3D%3D&nvMid=86570781491&catId=50012280
"해외마이프로틴 임팩트 웨이 게이너 블렌드 Myprotein 아이스 라떼, 5kg, 1개","90,900원",https://cr.shopping.naver.com/adcr?x=dHkxzoz7R1W2ZhgkbF%2B7Kv%2F%2F%2Fw%3D%3Dspkz3DX%2B6uwLXgwvoedjceMns27KHOZ2yGPY7vK46YnF4bZj2dQ3rmazwmcKN1UmefeSzBLhRVmlwwb%2BSX%2Fcn%2FAN0Pshe72VemSIS0N%2FMThB0PJDoXnlUDdM%2BGAZGLMZFciqgNJzib0kRMLl831%2Fsu00Eyi6%2FBxZgE9ywl9FKxjX0DOw13UwoJJRb7qwccAQMy7WsjvL6fGBruqRzbSMBoQdLXoybizBOVFY0bnGAXBvBL5ih8gQ8KMkYID3SYCMDSljWlZ0E86PNEdxkcD0qhT0cxYYkUOMiFQ2CyaJ7QBLL%2Fowdnq7%2Fmfq67OVRzok0S5SJNLgIdS1XFCtZ5GETGFYmBuauwirDdbGBe5Ou2RikToLPXSIrvxPOWBCs3tht4sEVavfJoAo2NDK5AG5ESiL%2BHC6kmaJeJO14mX7lpa0xUhpt7zJc5KtxzAsmTzJQHWO16JUlTZgUAxnUGZ1mKV8zJwgTQ9Sf029iDo2IcXk3uiPPMgzz0A08dgNR%2BmdZ%2FCCd2AQmlv8uECowDd3TR%2BsH3z5VpkJxx2FCJuSb4NgKy3JON5CGeFi72FkrxYpUr6WAIp1YJX5KKn6eVd0IxHR9INs9ZpxiOekV5%2FkbMXGQJ0boQLTbLCrCkhE5j0EdQjx%2FcG1G3oZz2AExDBnrPiFi8XcASksOtQ3ppAmfob%2BFbDf4gHI5rSMJU1BWcIOg&nvMid=89262618006&catId=50012280
마이프로틴 마이프로틴 임팩트 웨이 단백질 쿠키앤크림 1kg,"60,440원",https://cr.shopping.naver.com/adcr?x=%2BrYOEDGXk%2FevzxTxt0%2BPH%2F%2F%2F%2Fw%3D%3Ds7UR39a1phCdOxLdg8Oj%2Bz1UDDhArQfTxtfJoa2u%2Bxrh6fYrIe3Rz36BqO4XkbRqECYX2jN8scFwOKTCvXlD3xJvNoOYLS%2BwCMy1qp24oy%2BeTb27P8%2FmFSSl2ByllYDtDxWBRLxDQn5PlGS%2FIWVOMu%2BBCpwGj3T9ixGyGrkqCg%2FbjTUER3FHkYtWzYPYLJk09eDjSGXYn1uHLG4FqSxQFQqUS%2BqxiKw6gf0fW%2By16PrMOO6U87MQ4gmGGAboHg5kq21TZ8Q%2FlG7%2BOCTk%2FKYWW%2FmoFy0XVUByoNNUcnGJHt4MIAHXksf71XSWWTDPwtVgfU6YEPDZqCb39fcUvHegp7vwW6bgpJc%2BIDqoZizavjpPffisv5tHfoGFh7RH%2BtSaOAFJNLWxG%2Fj2gEfGb7GroeL786Nswtb3eurKMQDoiJeA2qfoArIZhHQWzlR18FUIr2X5z4XWXk7VamIhf1rGigGsuPZC%2BeDMqQ%2FS%2FgEvqkKLN81WjUpxJVJrN5mDsz4BpoOZCCVG1Zg%2FbW8L1OrcOdZy%2F2EiINke%2BzveA%2BneIOtYsAP5TaEvRilvzZRGp1dyKoPIgddXb6ABIQtSB0VZIVRE0b%2BLTd8U4yQCMgOBWbK0hCHNU4O0Ky22TA%2FNeJDpz1PcM9Gh3s%2FL4M%2F0gMLZ84TYhYCKekPCDvbTMF%2FwJQpcmS4b29l%2FsFiXlC8Ymw5DTiIVpJN%2FZGV8NaoWzwVFkYeZjzR2ojPPKrI%2Fey6vdSOkdHI8FZtQVGFZJxOyBDKc%2B&nvMid=53654285132&catId=50012280
해외마이프로틴 마이프로틴 임팩트 웨이 단백질 쿠키앤크림 1kg,"53,600원",https://cr.shopping.naver.com/adcr?x=1E9GJXZ1hBCHTBLYisiWa%2F%2F%2F%2Fw%3D%3Dsi4imJqBQgi3Io1LQdsIEtn44KqV0kdd8qIKaHN7zFr54bZj2dQ3rmazwmcKN1UmeQMqARQ0fmg%2BLBD2qLOcuZYR%2Bp7kckuzLsHanMMRHgCh0PJDoXnlUDdM%2BGAZGLMZFciqgNJzib0kRMLl831%2Fsu00Eyi6%2FBxZgE9ywl9FKxjX0DOw13UwoJJRb7qwccAQMrwYokBuLL%2FZuvLPQ%2Bxbf1UdI659YK5bNENH9GwQaTOHz5vNRzjYCtU2XCsPOydwxSIcWt78Z04W7p2F%2FWew2A1WOlEcSWmY6kKSStNoUjRSCU9JemgDLHI35j0FGytoj8MEHJebj4oinWcCMzrJILT0cxYYkUOMiFQ2CyaJ7QBLL%2Fowdnq7%2Fmfq67OVRzok0S5SJNLgIdS1XFCtZ5GETGJVpMsgOWhV1tdkVP0q2hqggE5ZitEqAosMnoGsA2elabXERwGkGGxRqc3bxA2l9bRSQolISqiuFmt%2B5kxDUhj3JKrzTpV1X6t%2B41xd%2FUAgxJHgR0XJYtTbvZ6S6HLAfBVnHdWL5mKFDHP2siN1JMautXURWGs7fdUe9oJSSDWKw3VQfZyPw46MYtoHuQcCv4XmpYlwmry9BNCw2Bo%2FXWhtuhTEgIdEz7Z9W9cbGbY0ypBUtjY6awLixbxWdZPp6rGtY0vFGtYcImi51jMcKK8aHIAzTo5QFgQMZjw8k%2BClT%2FBN6zvjnGx%2Bp%2B6fbC1xKvcsTe7KMH92wbM0zhTUMbwkNUJgJp6CUXauCvW7Y5AjN&nvMid=53905698119&catId=50012280
해외마이프로틴 WPI 임팩트웨이 아이솔레이트 프로틴 1kg 단백질보충제 내추럴 초콜렛,"57,500원",https://cr.shopping.naver.com/adcr?x=%2FcpiLxwio0IipzUqoUcNdf%2F%2F%2Fw%3D%3DsCuhSwOZ0vvrKRPoLBK8bQzzY2G3vJq7Vy2GS%2Frbnqd56fYrIe3Rz36BqO4XkbRqEGu3BzM7sURnbTSBy0DSsfwixzu4b1B8AnSkwgVFh0W2Tb27P8%2FmFSSl2ByllYDtDxWBRLxDQn5PlGS%2FIWVOMu%2BBCpwGj3T9ixGyGrkqCg%2FbjTUER3FHkYtWzYPYLJk09pppMQX1T8dJEU%2Fc7xb69pUuG%2FicFY3q9hGdjro9%2BnxT1w2QDsvm9FNkHzpsc3555TH5cExQMJ3b4cO5YtrdbZfwW6bgpJc%2BIDqoZizavjpPffisv5tHfoGFh7RH%2BtSaOAFJNLWxG%2Fj2gEfGb7GroeITjMtA7imUH3g%2B3G%2BQHaGBSPh4JPZSQPCL8rCO4OBoOx72P1MzfeDsyK%2BcBtz34gO4QySxzYf4i9XaUne1VWxjIsB3dXyG1neYNdvhQCO0EX6z15b7rAQ1Ih6ltoqFhUr5o4Fik%2B4ybjdJ8954WBFyrgDaMH2I77iB0jUW15iiIKkevaTS3HH8a0u1QGJDPYZrvvOAOLU63F6P9W19%2FCSTsxvEgPpVxxIzxW%2B0zz1CXrdpTdh9nly3vc4a25DjgF%2B8uCLtb9DpmjFdQC4Rn0os32xrCh%2BDvbRZMojIlw8hhtD5VezLHJAIwFZvhA5y3SYWMJ7zHsyKm3m4ljITs0SmnuGjCdTy6Om0BGHe69bLlXO%2B%2BmZJ5HYjjFv4DuIWDrm9TZjqEQTAbFzUBl8432wvhVEAf6wwM5tqtSh0bB5Hx&nvMid=88703965183&catId=50012280
해외마이프로틴 임팩트웨이 프로틴 단백질 1kg 스트로베리 크림,"49,900원",https://cr.shopping.naver.com/adcr?x=mG1kY1BKBJKATyhyEvqRWP%2F%2F%2Fw%3D%3DsEZGgE0r5tfOFt1v1IQgx%2B7HQIg8BHlq%2BhEn4AXcOTf94bZj2dQ3rmazwmcKN1UmeasbppLR6nlqnsgAeIexKP62EvwraCWduuXZppRtBESV0PJDoXnlUDdM%2BGAZGLMZFciqgNJzib0kRMLl831%2Fsu00Eyi6%2FBxZgE9ywl9FKxjX0DOw13UwoJJRb7qwccAQMy7WsjvL6fGBruqRzbSMBoQdLXoybizBOVFY0bnGAXBv9tyQ2mN3SsI7AbWnSeBZ6A%2F5Zdc6UiQrH0lbpEToiGo869AKj4l5Wk1zrUHMAUq%2FDpmNu2Rs3tEPrV0ZTODsbWqyaFa2xLbpwGCJChqMDqsZ1nnJ%2BFRpUKovLsXJLj0i01APRGfSHISOZJxCDXQWfhKnIhKdTNkfcGmWkGNijFqiiDPo8%2FpbrfMLpzVKchZ7G%2FX3t%2FKNhLJcWuuhZgRR26bHjlVhobs4DMEgQ4%2FGZavj9%2FfdNjBBKnmL1y4i7eDPQnu6cdOCrpLvHevBo3CmJP6Wi%2BfTMju4C6a8Ec6l8%2Bxow%2Fi37CV7dYDAJ4q7l9PBQLPBGTg%2BcvlYUvn8vfSB8rAZwP%2FYejo%2FayrmWQJ5yr6OuBZD%2FQkGyMe53inOjnLWfjlElSziCmnpJJbqCLhD03NhDMMSoNO8luYjvIyAeP1FJZbHf3EQFgpfDDCOfoefke%2FVP%2BgM94BPZkP5YJ%2Bex&nvMid=86873713475&catId=50012280
해외마이프로틴 임팩트 웨이 프로틴 단백질 파우더 쉐이크 1000g 솔티드 카라멜,"127,000원",https://cr.shopping.naver.com/adcr?x=xjOiYbdFHySEfbV8L%2F1Rf%2F%2F%2F%2Fw%3D%3DsW8QDNYxB%2FO2jEbouNmSpVfWAP5BkJAmgrjIcy%2BV1Pbl6fYrIe3Rz36BqO4XkbRqEWjuPiQAcj7Hwq5Zn2vwCDzvDGFl%2FRyUek2eq4%2BTLFbuTb27P8%2FmFSSl2ByllYDtDxWBRLxDQn5PlGS%2FIWVOMu%2BBCpwGj3T9ixGyGrkqCg%2FbjTUER3FHkYtWzYPYLJk09pppMQX1T8dJEU%2Fc7xb69pUuG%2FicFY3q9hGdjro9%2BnxSdAVck9xoR19cIJdjPIi72fY37695tT6x6SnQdVceqovwW6bgpJc%2BIDqoZizavjpPffisv5tHfoGFh7RH%2BtSaOAFJNLWxG%2Fj2gEfGb7GroeIeXqhe%2FaZwQwEl9ScL3jzsweTAqPrvf14OjSjULkgFYx72P1MzfeDsyK%2BcBtz34gGO%2Bf%2FTjT5fUr1ITxnetg1ky5uiKrWYtydv2H715cI37X6z15b7rAQ1Ih6ltoqFhUpH04QLrauz0kKUYeaihwSXxMogJNBTCt1hKOlBLOIcHQr2O6rmXHBgjoGsmpXGXkeACHP44GOos6W1kYBfTYaSTbGinEiJDtSGnEJ3Sx6GtXkr%2B4ekBgV9bWZeB125bucEzFpeiwquH3CON1p973EJoDKmC%2BKGF70N2g%2F9MP1KvsQocLEGGa0wsleHc2pFkrRjkboKGzfYjPlqvDeE0PuiBWrXM6%2FFkJURNDCPEGmwRHFe7vcJ2tbs9pkKq8xNQVMtVYavx%2B%2B8fWZa9SBc8rqM%3D&nvMid=89312823689&catId=50012280
